Trade number,Instrument,Account,Strategy,Market pos.,Qty,Entry price,Exit price,Entry time,Exit time,Entry name,Exit name,Profit,Cum. net profit,Commission,Clearing Fee,Exchange Fee,IP Fee,NFA Fee,MAE,MFE,ETD,Bars,
1,NQ 06-26,Backtest,MomentumNQ,Short,1,10142.00,10155.00,6/4/2019 3:38:00 PM,6/4/2019 4:26:00 PM,Sell short,Stop loss,($265.16),($265.16),$5.16,$0.00,$0.00,$0.00,$0.00,$260.00,$570.00,$835.16,13,
2,NQ 06-26,Backtest,MomentumNQ,Short,1,10579.00,10592.00,8/6/2019 3:38:00 PM,8/6/2019 4:06:00 PM,Sell short,Stop loss,($265.16),($530.32),$5.16,$0.00,$0.00,$0.00,$0.00,$260.00,$660.00,$925.16,8,
3,NQ 06-26,Backtest,MomentumNQ,Short,1,12003.50,12016.50,2/26/2020 3:46:00 PM,2/26/2020 3:46:00 PM,Sell short,Stop loss,($265.16),($795.48),$5.16,$0.00,$0.00,$0.00,$0.00,$260.00,$0.00,$265.16,1,
4,NQ 06-26,Backtest,MomentumNQ,Short,1,11789.50,11802.50,3/4/2020 3:38:00 PM,3/4/2020 4:26:00 PM,Sell short,Stop loss,($265.16),($1060.64),$5.16,$0.00,$0.00,$0.00,$0.00,$260.00,$2190.00,$2455.16,13,
5,NQ 06-26,Backtest,MomentumNQ,Long,1,11117.00,11104.00,3/9/2020 3:42:00 PM,3/9/2020 3:46:00 PM,Buy,Stop loss,($265.16),($1325.80),$5.16,$0.00,$0.00,$0.00,$0.00,$260.00,$595.00,$860.16,2,
6,NQ 06-26,Backtest,MomentumNQ,Short,1,11240.25,11253.25,3/10/2020 2:38:00 PM,3/10/2020 2:38:00 PM,Sell short,Stop loss,($265.16),($1590.96),$5.16,$0.00,$0.00,$0.00,$0.00,$260.00,$0.00,$265.16,1,
7,NQ 06-26,Backtest,MomentumNQ,Long,1,10543.50,10530.50,3/12/2020 3:46:00 PM,3/12/2020 3:46:00 PM,Buy,Stop loss,($265.16),($1856.12),$5.16,$0.00,$0.00,$0.00,$0.00,$260.00,$0.00,$265.16,1,
8,NQ 06-26,Backtest,MomentumNQ,Short,1,10659.75,10672.75,3/13/2020 2:38:00 PM,3/13/2020 2:38:00 PM,Sell short,Stop loss,($265.16),($2121.28),$5.16,$0.00,$0.00,$0.00,$0.00,$260.00,$0.00,$265.16,1,
9,NQ 06-26,Backtest,MomentumNQ,Long,1,10298.25,10285.25,3/19/2020 4:02:00 PM,3/19/2020 4:02:00 PM,Buy,Stop loss,($265.16),($2386.44),$5.16,$0.00,$0.00,$0.00,$0.00,$260.00,$0.00,$265.16,1,
10,NQ 06-26,Backtest,MomentumNQ,Short,1,11574.00,11587.00,4/22/2020 3:38:00 PM,4/22/2020 3:38:00 PM,Sell short,Stop loss,($265.16),($2651.60),$5.16,$0.00,$0.00,$0.00,$0.00,$260.00,$0.00,$265.16,1,
11,NQ 06-26,Backtest,MomentumNQ,Short,1,11864.75,11877.75,4/29/2020 3:38:00 PM,4/29/2020 3:38:00 PM,Sell short,Stop loss,($265.16),($2916.76),$5.16,$0.00,$0.00,$0.00,$0.00,$260.00,$0.00,$265.16,1,
12,NQ 06-26,Backtest,MomentumNQ,Short,1,12829.75,12842.75,6/12/2020 3:38:00 PM,6/12/2020 3:38:00 PM,Sell short,Stop loss,($265.16),($3181.92),$5.16,$0.00,$0.00,$0.00,$0.00,$260.00,$0.00,$265.16,1,
13,NQ 06-26,Backtest,MomentumNQ,Short,1,13525.00,13538.00,7/6/2020 3:38:00 PM,7/6/2020 3:38:00 PM,Sell short,Stop loss,($265.16),($3447.08),$5.16,$0.00,$0.00,$0.00,$0.00,$260.00,$0.00,$265.16,1,
14,NQ 06-26,Backtest,MomentumNQ,Short,1,14071.25,14084.25,8/12/2020 3:54:00 PM,8/12/2020 3:54:00 PM,Sell short,Stop loss,($265.16),($3712.24),$5.16,$0.00,$0.00,$0.00,$0.00,$260.00,$0.00,$265.16,1,
15,NQ 06-26,Backtest,MomentumNQ,Short,1,14300.00,14313.00,9/9/2020 3:38:00 PM,9/9/2020 3:38:00 PM,Sell short,Stop loss,($265.16),($3977.40),$5.16,$0.00,$0.00,$0.00,$0.00,$260.00,$0.00,$265.16,1,
16,NQ 06-26,Backtest,MomentumNQ,Short,1,14279.00,14292.00,9/14/2020 3:38:00 PM,9/14/2020 3:42:00 PM,Sell short,Stop loss,($265.16),($4242.56),$5.16,$0.00,$0.00,$0.00,$0.00,$260.00,$635.00,$900.16,2,
17,NQ 06-26,Backtest,MomentumNQ,Short,1,14464.75,14477.75,9/15/2020 3:38:00 PM,9/15/2020 3:38:00 PM,Sell short,Stop loss,($265.16),($4507.72),$5.16,$0.00,$0.00,$0.00,$0.00,$260.00,$0.00,$265.16,1,
18,NQ 06-26,Backtest,MomentumNQ,Short,1,14603.50,14616.50,10/1/2020 3:38:00 PM,10/1/2020 3:38:00 PM,Sell short,Stop loss,($265.16),($4772.88),$5.16,$0.00,$0.00,$0.00,$0.00,$260.00,$0.00,$265.16,1,
19,NQ 06-26,Backtest,MomentumNQ,Short,1,14477.75,14490.25,10/7/2020 3:38:00 PM,10/7/2020 3:58:00 PM,Sell short,Stop loss,($255.16),($5028.04),$5.16,$0.00,$0.00,$0.00,$0.00,$250.00,$350.00,$605.16,6,
20,NQ 06-26,Backtest,MomentumNQ,Short,1,14715.75,14728.75,11/4/2020 3:38:00 PM,11/4/2020 4:06:00 PM,Sell short,Stop loss,($265.16),($5293.20),$5.16,$0.00,$0.00,$0.00,$0.00,$260.00,$2125.00,$2390.16,8,
21,NQ 06-26,Backtest,MomentumNQ,Short,1,14769.25,14782.25,11/11/2020 3:38:00 PM,11/11/2020 3:38:00 PM,Sell short,Stop loss,($265.16),($5558.36),$5.16,$0.00,$0.00,$0.00,$0.00,$260.00,$0.00,$265.16,1,
22,NQ 06-26,Backtest,MomentumNQ,Short,1,15819.75,15832.75,1/7/2021 3:38:00 PM,1/7/2021 3:38:00 PM,Sell short,Stop loss,($265.16),($5823.52),$5.16,$0.00,$0.00,$0.00,$0.00,$260.00,$0.00,$265.16,1,
23,NQ 06-26,Backtest,MomentumNQ,Short,1,15972.00,15985.00,1/19/2021 3:38:00 PM,1/19/2021 6:38:00 PM,Sell short,Stop loss,($265.16),($6088.68),$5.16,$0.00,$0.00,$0.00,$0.00,$260.00,$1390.00,$1655.16,46,
24,NQ 06-26,Backtest,MomentumNQ,Short,1,16576.50,16589.50,1/25/2021 3:38:00 PM,1/25/2021 3:38:00 PM,Sell short,Stop loss,($265.16),($6353.84),$5.16,$0.00,$0.00,$0.00,$0.00,$260.00,$0.00,$265.16,1,
25,NQ 06-26,Backtest,MomentumNQ,Short,1,16134.25,16147.25,2/1/2021 3:38:00 PM,2/1/2021 3:38:00 PM,Sell short,Stop loss,($265.16),($6619.00),$5.16,$0.00,$0.00,$0.00,$0.00,$260.00,$0.00,$265.16,1,
26,NQ 06-26,Backtest,MomentumNQ,Short,1,15648.50,15661.50,3/9/2021 3:38:00 PM,3/9/2021 3:38:00 PM,Sell short,Stop loss,($265.16),($6884.16),$5.16,$0.00,$0.00,$0.00,$0.00,$260.00,$0.00,$265.16,1,
27,NQ 06-26,Backtest,MomentumNQ,Short,1,16042.75,16055.75,3/11/2021 3:38:00 PM,3/11/2021 3:38:00 PM,Sell short,Stop loss,($265.16),($7149.32),$5.16,$0.00,$0.00,$0.00,$0.00,$260.00,$0.00,$265.16,1,
28,NQ 06-26,Backtest,MomentumNQ,Long,1,16323.75,16310.75,3/16/2021 3:54:00 PM,3/16/2021 4:50:00 PM,Buy,Stop loss,($265.16),($7414.48),$5.16,$0.00,$0.00,$0.00,$0.00,$260.00,$480.00,$745.16,15,
29,NQ 06-26,Backtest,MomentumNQ,Short,1,16332.50,16345.50,4/1/2021 3:38:00 PM,4/1/2021 3:38:00 PM,Sell short,Stop loss,($265.16),($7679.64),$5.16,$0.00,$0.00,$0.00,$0.00,$260.00,$0.00,$265.16,1,
30,NQ 06-26,Backtest,MomentumNQ,Short,1,17014.75,17027.75,4/15/2021 3:38:00 PM,4/15/2021 3:42:00 PM,Sell short,Stop loss,($265.16),($7944.80),$5.16,$0.00,$0.00,$0.00,$0.00,$260.00,$115.00,$380.16,2,
31,NQ 06-26,Backtest,MomentumNQ,Short,1,16193.75,16206.75,5/13/2021 3:38:00 PM,5/13/2021 3:38:00 PM,Sell short,Stop loss,($265.16),($8209.96),$5.16,$0.00,$0.00,$0.00,$0.00,$260.00,$0.00,$265.16,1,
32,NQ 06-26,Backtest,MomentumNQ,Short,1,16312.75,16325.75,5/14/2021 3:38:00 PM,5/14/2021 4:02:00 PM,Sell short,Stop loss,($265.16),($8475.12),$5.16,$0.00,$0.00,$0.00,$0.00,$260.00,$870.00,$1135.16,7,
33,NQ 06-26,Backtest,MomentumNQ,Short,1,16593.25,16606.25,5/24/2021 3:38:00 PM,5/24/2021 3:38:00 PM,Sell short,Stop loss,($265.16),($8740.28),$5.16,$0.00,$0.00,$0.00,$0.00,$260.00,$0.00,$265.16,1,
34,NQ 06-26,Backtest,MomentumNQ,Short,1,16702.25,16715.25,6/4/2021 3:38:00 PM,6/4/2021 3:38:00 PM,Sell short,Stop loss,($265.16),($9005.44),$5.16,$0.00,$0.00,$0.00,$0.00,$260.00,$0.00,$265.16,1,
35,NQ 06-26,Backtest,MomentumNQ,Short,1,18058.25,17968.50,7/14/2021 3:38:00 PM,7/14/2021 10:00:00 PM,Sell short,Exit on session close,$1789.84,($7215.60),$5.16,$0.00,$0.00,$0.00,$0.00,$185.00,$2495.00,$705.16,97,
36,NQ 06-26,Backtest,MomentumNQ,Long,1,19007.25,18994.75,11/2/2021 3:22:00 PM,11/2/2021 5:14:00 PM,Buy,Stop loss,($255.16),($7470.76),$5.16,$0.00,$0.00,$0.00,$0.00,$250.00,$1115.00,$1370.16,29,
37,NQ 06-26,Backtest,MomentumNQ,Short,1,19164.75,19177.75,11/11/2021 3:38:00 PM,11/11/2021 3:38:00 PM,Sell short,Stop loss,($265.16),($7735.92),$5.16,$0.00,$0.00,$0.00,$0.00,$260.00,$0.00,$265.16,1,
38,NQ 06-26,Backtest,MomentumNQ,Short,1,19177.75,19105.75,11/11/2021 3:58:00 PM,11/11/2021 10:00:00 PM,Sell short,Exit on session close,$1434.84,($6301.08),$5.16,$0.00,$0.00,$0.00,$0.00,$240.00,$1815.00,$380.16,92,
39,NQ 06-26,Backtest,MomentumNQ,Short,1,19757.00,19770.00,11/22/2021 3:38:00 PM,11/22/2021 3:38:00 PM,Sell short,Stop loss,($265.16),($6566.24),$5.16,$0.00,$0.00,$0.00,$0.00,$260.00,$0.00,$265.16,1,
40,NQ 06-26,Backtest,MomentumNQ,Short,1,19314.00,19327.00,11/29/2021 3:38:00 PM,11/29/2021 3:38:00 PM,Sell short,Stop loss,($265.16),($6831.40),$5.16,$0.00,$0.00,$0.00,$0.00,$260.00,$0.00,$265.16,1,
41,NQ 06-26,Backtest,MomentumNQ,Short,1,19389.50,19402.50,12/1/2021 3:38:00 PM,12/1/2021 3:50:00 PM,Sell short,Stop loss,($265.16),($7096.56),$5.16,$0.00,$0.00,$0.00,$0.00,$260.00,$725.00,$990.16,4,
42,NQ 06-26,Backtest,MomentumNQ,Short,1,19377.50,19390.50,12/10/2021 3:38:00 PM,12/10/2021 3:38:00 PM,Sell short,Stop loss,($265.16),($7361.72),$5.16,$0.00,$0.00,$0.00,$0.00,$260.00,$0.00,$265.16,1,
43,NQ 06-26,Backtest,MomentumNQ,Long,1,19346.75,19333.75,12/16/2021 3:50:00 PM,12/16/2021 3:50:00 PM,Buy,Stop loss,($265.16),($7626.88),$5.16,$0.00,$0.00,$0.00,$0.00,$260.00,$0.00,$265.16,1,
44,NQ 06-26,Backtest,MomentumNQ,Long,1,18589.25,18576.25,1/11/2022 3:50:00 PM,1/11/2022 3:54:00 PM,Buy,Stop loss,($265.16),($7892.04),$5.16,$0.00,$0.00,$0.00,$0.00,$260.00,$745.00,$1010.16,2,
45,NQ 06-26,Backtest,MomentumNQ,Short,1,19042.00,19055.00,1/13/2022 3:38:00 PM,1/13/2022 3:42:00 PM,Sell short,Stop loss,($265.16),($8157.20),$5.16,$0.00,$0.00,$0.00,$0.00,$260.00,$915.00,$1180.16,2,
46,NQ 06-26,Backtest,MomentumNQ,Short,1,17493.50,17506.50,1/26/2022 3:38:00 PM,1/26/2022 3:38:00 PM,Sell short,Stop loss,($265.16),($8422.36),$5.16,$0.00,$0.00,$0.00,$0.00,$260.00,$0.00,$265.16,1,
47,NQ 06-26,Backtest,MomentumNQ,Short,1,17572.75,17585.75,2/15/2022 3:38:00 PM,2/15/2022 3:38:00 PM,Sell short,Stop loss,($265.16),($8687.52),$5.16,$0.00,$0.00,$0.00,$0.00,$260.00,$0.00,$265.16,1,
48,NQ 06-26,Backtest,MomentumNQ,Short,1,16276.50,16289.50,3/15/2022 2:38:00 PM,3/15/2022 2:38:00 PM,Sell short,Stop loss,($265.16),($8952.68),$5.16,$0.00,$0.00,$0.00,$0.00,$260.00,$0.00,$265.16,1,
49,NQ 06-26,Backtest,MomentumNQ,Short,1,16266.50,16279.50,3/15/2022 3:02:00 PM,3/15/2022 3:02:00 PM,Sell short,Stop loss,($265.16),($9217.84),$5.16,$0.00,$0.00,$0.00,$0.00,$260.00,$0.00,$265.16,1,
50,NQ 06-26,Backtest,MomentumNQ,Long,1,17036.25,17023.25,3/17/2022 3:34:00 PM,3/17/2022 3:34:00 PM,Buy,Stop loss,($265.16),($9483.00),$5.16,$0.00,$0.00,$0.00,$0.00,$260.00,$0.00,$265.16,1,
51,NQ 06-26,Backtest,MomentumNQ,Long,1,17147.75,17134.75,3/18/2022 2:42:00 PM,3/18/2022 2:42:00 PM,Buy,Stop loss,($265.16),($9748.16),$5.16,$0.00,$0.00,$0.00,$0.00,$260.00,$0.00,$265.16,1,
52,NQ 06-26,Backtest,MomentumNQ,Short,1,17333.00,17346.00,4/21/2022 3:38:00 PM,4/21/2022 3:38:00 PM,Sell short,Stop loss,($265.16),($10013.32),$5.16,$0.00,$0.00,$0.00,$0.00,$260.00,$0.00,$265.16,1,
53,NQ 06-26,Backtest,MomentumNQ,Short,1,16284.25,16297.25,4/27/2022 3:50:00 PM,4/27/2022 3:50:00 PM,Sell short,Stop loss,($265.16),($10278.48),$5.16,$0.00,$0.00,$0.00,$0.00,$260.00,$0.00,$265.16,1,
54,NQ 06-26,Backtest,MomentumNQ,Short,1,16308.50,16321.50,4/28/2022 3:38:00 PM,4/28/2022 3:38:00 PM,Sell short,Stop loss,($265.16),($10543.64),$5.16,$0.00,$0.00,$0.00,$0.00,$260.00,$0.00,$265.16,1,
55,NQ 06-26,Backtest,MomentumNQ,Short,1,15574.75,15587.75,5/10/2022 3:38:00 PM,5/10/2022 4:06:00 PM,Sell short,Stop loss,($265.16),($10808.80),$5.16,$0.00,$0.00,$0.00,$0.00,$260.00,$3045.00,$3310.16,8,
56,NQ 06-26,Backtest,MomentumNQ,Short,1,15602.00,15615.00,5/17/2022 3:38:00 PM,5/17/2022 3:46:00 PM,Sell short,Stop loss,($265.16),($11073.96),$5.16,$0.00,$0.00,$0.00,$0.00,$260.00,$940.00,$1205.16,3,
57,NQ 06-26,Backtest,MomentumNQ,Short,1,15865.50,15878.50,6/1/2022 3:38:00 PM,6/1/2022 3:38:00 PM,Sell short,Stop loss,($265.16),($11339.12),$5.16,$0.00,$0.00,$0.00,$0.00,$260.00,$0.00,$265.16,1,
58,NQ 06-26,Backtest,MomentumNQ,Short,1,15842.00,15855.00,6/6/2022 3:38:00 PM,6/6/2022 4:02:00 PM,Sell short,Stop loss,($265.16),($11604.28),$5.16,$0.00,$0.00,$0.00,$0.00,$260.00,$1645.00,$1910.16,7,
59,NQ 06-26,Backtest,MomentumNQ,Short,1,14317.75,14330.75,6/17/2022 3:38:00 PM,6/17/2022 3:38:00 PM,Sell short,Stop loss,($265.16),($11869.44),$5.16,$0.00,$0.00,$0.00,$0.00,$260.00,$0.00,$265.16,1,
60,NQ 06-26,Backtest,MomentumNQ,Short,1,15197.75,15210.75,6/28/2022 3:38:00 PM,6/28/2022 3:42:00 PM,Sell short,Stop loss,($265.16),($12134.60),$5.16,$0.00,$0.00,$0.00,$0.00,$260.00,$355.00,$620.16,2,
61,NQ 06-26,Backtest,MomentumNQ,Short,1,15334.50,15347.50,7/27/2022 3:38:00 PM,7/27/2022 3:38:00 PM,Sell short,Stop loss,($265.16),($12399.76),$5.16,$0.00,$0.00,$0.00,$0.00,$260.00,$0.00,$265.16,1,
62,NQ 06-26,Backtest,MomentumNQ,Short,1,16101.00,16114.00,8/3/2022 3:38:00 PM,8/3/2022 3:38:00 PM,Sell short,Stop loss,($265.16),($12664.92),$5.16,$0.00,$0.00,$0.00,$0.00,$260.00,$0.00,$265.16,1,
63,NQ 06-26,Backtest,MomentumNQ,Short,1,16461.00,16474.00,8/12/2022 3:58:00 PM,8/12/2022 4:02:00 PM,Sell short,Stop loss,($265.16),($12930.08),$5.16,$0.00,$0.00,$0.00,$0.00,$260.00,$315.00,$580.16,2,
64,NQ 06-26,Backtest,MomentumNQ,Short,1,14495.25,14508.25,9/27/2022 3:38:00 PM,9/27/2022 3:38:00 PM,Sell short,Stop loss,($265.16),($13195.24),$5.16,$0.00,$0.00,$0.00,$0.00,$260.00,$0.00,$265.16,1,
65,NQ 06-26,Backtest,MomentumNQ,Short,1,13884.00,13897.00,10/12/2022 3:42:00 PM,10/12/2022 3:46:00 PM,Sell short,Stop loss,($265.16),($13460.40),$5.16,$0.00,$0.00,$0.00,$0.00,$260.00,$725.00,$990.16,2,
66,NQ 06-26,Backtest,MomentumNQ,Short,1,13891.25,13812.50,10/12/2022 3:50:00 PM,10/12/2022 10:00:00 PM,Sell short,Exit on session close,$1569.84,($11890.56),$5.16,$0.00,$0.00,$0.00,$0.00,$180.00,$2175.00,$605.16,94,
67,NQ 06-26,Backtest,MomentumNQ,Short,1,14015.75,14028.75,10/17/2022 3:38:00 PM,10/17/2022 3:38:00 PM,Sell short,Stop loss,($265.16),($12155.72),$5.16,$0.00,$0.00,$0.00,$0.00,$260.00,$0.00,$265.16,1,
68,NQ 06-26,Backtest,MomentumNQ,Short,1,14325.25,14338.25,10/28/2022 3:46:00 PM,10/28/2022 3:46:00 PM,Sell short,Stop loss,($265.16),($12420.88),$5.16,$0.00,$0.00,$0.00,$0.00,$260.00,$0.00,$265.16,1,
69,NQ 06-26,Backtest,MomentumNQ,Short,1,14573.25,14586.25,11/1/2022 2:38:00 PM,11/1/2022 2:38:00 PM,Sell short,Stop loss,($265.16),($12686.04),$5.16,$0.00,$0.00,$0.00,$0.00,$260.00,$0.00,$265.16,1,
70,NQ 06-26,Backtest,MomentumNQ,Short,1,14326.00,14339.00,11/10/2022 3:38:00 PM,11/10/2022 3:38:00 PM,Sell short,Stop loss,($265.16),($12951.20),$5.16,$0.00,$0.00,$0.00,$0.00,$260.00,$0.00,$265.16,1,
71,NQ 06-26,Backtest,MomentumNQ,Short,1,15009.50,15022.25,11/15/2022 3:38:00 PM,11/15/2022 3:38:00 PM,Sell short,Stop loss,($260.16),($13211.36),$5.16,$0.00,$0.00,$0.00,$0.00,$255.00,$0.00,$260.16,1,
72,NQ 06-26,Backtest,MomentumNQ,Short,1,13745.00,13758.00,12/29/2022 3:38:00 PM,12/29/2022 3:38:00 PM,Sell short,Stop loss,($265.16),($13476.52),$5.16,$0.00,$0.00,$0.00,$0.00,$260.00,$0.00,$265.16,1,
73,NQ 06-26,Backtest,MomentumNQ,Short,1,15562.75,15291.50,2/9/2023 3:38:00 PM,2/9/2023 10:00:00 PM,Sell short,Exit on session close,$5419.84,($8056.68),$5.16,$0.00,$0.00,$0.00,$0.00,$180.00,$6650.00,$1230.16,97,
74,NQ 06-26,Backtest,MomentumNQ,Short,1,15106.25,15119.00,2/23/2023 3:38:00 PM,2/23/2023 3:58:00 PM,Sell short,Stop loss,($260.16),($8316.84),$5.16,$0.00,$0.00,$0.00,$0.00,$255.00,$905.00,$1165.16,6,
75,NQ 06-26,Backtest,MomentumNQ,Short,1,14770.25,14783.25,3/13/2023 3:14:00 PM,3/13/2023 3:34:00 PM,Sell short,Stop loss,($265.16),($8582.00),$5.16,$0.00,$0.00,$0.00,$0.00,$260.00,$1365.00,$1630.16,6,
76,NQ 06-26,Backtest,MomentumNQ,Short,1,14786.75,14799.75,3/13/2023 3:38:00 PM,3/13/2023 3:58:00 PM,Sell short,Stop loss,($265.16),($8847.16),$5.16,$0.00,$0.00,$0.00,$0.00,$260.00,$1775.00,$2040.16,6,
77,NQ 06-26,Backtest,MomentumNQ,Long,1,14967.50,14954.50,3/15/2023 2:42:00 PM,3/15/2023 2:42:00 PM,Buy,Stop loss,($265.16),($9112.32),$5.16,$0.00,$0.00,$0.00,$0.00,$260.00,$0.00,$265.16,1,
78,NQ 06-26,Backtest,MomentumNQ,Short,1,15747.50,15760.50,4/27/2023 3:38:00 PM,4/27/2023 3:38:00 PM,Sell short,Stop loss,($265.16),($9377.48),$5.16,$0.00,$0.00,$0.00,$0.00,$260.00,$0.00,$265.16,1,
79,NQ 06-26,Backtest,MomentumNQ,Short,1,16138.75,16151.75,5/10/2023 3:38:00 PM,5/10/2023 4:06:00 PM,Sell short,Stop loss,($265.16),($9642.64),$5.16,$0.00,$0.00,$0.00,$0.00,$260.00,$1680.00,$1945.16,8,
80,NQ 06-26,Backtest,MomentumNQ,Short,1,18329.50,18342.50,7/17/2023 3:42:00 PM,7/17/2023 5:34:00 PM,Sell short,Stop loss,($265.16),($9907.80),$5.16,$0.00,$0.00,$0.00,$0.00,$260.00,$1275.00,$1540.16,29,
81,NQ 06-26,Backtest,MomentumNQ,Short,1,18301.00,18314.00,7/28/2023 3:38:00 PM,7/28/2023 3:42:00 PM,Sell short,Stop loss,($265.16),($10172.96),$5.16,$0.00,$0.00,$0.00,$0.00,$260.00,$480.00,$745.16,2,
82,NQ 06-26,Backtest,MomentumNQ,Short,1,18107.25,18120.25,8/4/2023 3:38:00 PM,8/4/2023 3:38:00 PM,Sell short,Stop loss,($265.16),($10438.12),$5.16,$0.00,$0.00,$0.00,$0.00,$260.00,$0.00,$265.16,1,
83,NQ 06-26,Backtest,MomentumNQ,Short,1,18005.25,18018.25,9/11/2023 3:38:00 PM,9/11/2023 7:46:00 PM,Sell short,Stop loss,($265.16),($10703.28),$5.16,$0.00,$0.00,$0.00,$0.00,$260.00,$2165.00,$2430.16,63,
84,NQ 06-26,Backtest,MomentumNQ,Short,1,17148.75,17161.75,10/4/2023 3:38:00 PM,10/4/2023 3:38:00 PM,Sell short,Stop loss,($265.16),($10968.44),$5.16,$0.00,$0.00,$0.00,$0.00,$260.00,$0.00,$265.16,1,
85,NQ 06-26,Backtest,MomentumNQ,Short,1,16736.50,16749.50,10/30/2023 2:38:00 PM,10/30/2023 2:38:00 PM,Sell short,Stop loss,($265.16),($11233.60),$5.16,$0.00,$0.00,$0.00,$0.00,$260.00,$0.00,$265.16,1,
86,NQ 06-26,Backtest,MomentumNQ,Short,1,17721.00,17734.00,11/10/2023 3:46:00 PM,11/10/2023 3:46:00 PM,Sell short,Stop loss,($265.16),($11498.76),$5.16,$0.00,$0.00,$0.00,$0.00,$260.00,$0.00,$265.16,1,
87,NQ 06-26,Backtest,MomentumNQ,Short,1,18164.50,18177.50,11/14/2023 3:38:00 PM,11/14/2023 3:38:00 PM,Sell short,Stop loss,($265.16),($11763.92),$5.16,$0.00,$0.00,$0.00,$0.00,$260.00,$0.00,$265.16,1,
88,NQ 06-26,Backtest,MomentumNQ,Short,1,18695.00,18708.00,1/8/2024 3:38:00 PM,1/8/2024 3:42:00 PM,Sell short,Stop loss,($265.16),($12029.08),$5.16,$0.00,$0.00,$0.00,$0.00,$260.00,$140.00,$405.16,2,
89,NQ 06-26,Backtest,MomentumNQ,Short,1,20198.25,20211.25,2/29/2024 3:38:00 PM,2/29/2024 3:38:00 PM,Sell short,Stop loss,($265.16),($12294.24),$5.16,$0.00,$0.00,$0.00,$0.00,$260.00,$0.00,$265.16,1,
90,NQ 06-26,Backtest,MomentumNQ,Short,1,20259.75,20272.75,3/6/2024 3:38:00 PM,3/6/2024 5:58:00 PM,Sell short,Stop loss,($265.16),($12559.40),$5.16,$0.00,$0.00,$0.00,$0.00,$260.00,$2925.00,$3190.16,36,
91,NQ 06-26,Backtest,MomentumNQ,Short,1,20323.50,20336.50,3/7/2024 3:38:00 PM,3/7/2024 3:38:00 PM,Sell short,Stop loss,($265.16),($12824.56),$5.16,$0.00,$0.00,$0.00,$0.00,$260.00,$0.00,$265.16,1,
92,NQ 06-26,Backtest,MomentumNQ,Short,1,20213.00,20226.00,3/18/2024 2:38:00 PM,3/18/2024 2:38:00 PM,Sell short,Stop loss,($265.16),($13089.72),$5.16,$0.00,$0.00,$0.00,$0.00,$260.00,$0.00,$265.16,1,
93,NQ 06-26,Backtest,MomentumNQ,Long,1,20254.00,20241.00,3/18/2024 3:58:00 PM,3/18/2024 4:06:00 PM,Buy,Stop loss,($265.16),($13354.88),$5.16,$0.00,$0.00,$0.00,$0.00,$260.00,$270.00,$535.16,3,
94,NQ 06-26,Backtest,MomentumNQ,Short,1,20446.25,20459.25,4/4/2024 3:38:00 PM,4/4/2024 3:38:00 PM,Sell short,Stop loss,($265.16),($13620.04),$5.16,$0.00,$0.00,$0.00,$0.00,$260.00,$0.00,$265.16,1,
95,NQ 06-26,Backtest,MomentumNQ,Short,1,20185.00,20198.00,4/15/2024 3:38:00 PM,4/15/2024 3:42:00 PM,Sell short,Stop loss,($265.16),($13885.20),$5.16,$0.00,$0.00,$0.00,$0.00,$260.00,$435.00,$700.16,2,
96,NQ 06-26,Backtest,MomentumNQ,Short,1,19203.25,19216.25,4/22/2024 3:38:00 PM,4/22/2024 3:50:00 PM,Sell short,Stop loss,($265.16),($14150.36),$5.16,$0.00,$0.00,$0.00,$0.00,$260.00,$735.00,$1000.16,4,
97,NQ 06-26,Backtest,MomentumNQ,Short,1,21541.00,21554.00,6/13/2024 3:38:00 PM,6/13/2024 3:42:00 PM,Sell short,Stop loss,($265.16),($14415.52),$5.16,$0.00,$0.00,$0.00,$0.00,$260.00,$405.00,$670.16,2,
98,NQ 06-26,Backtest,MomentumNQ,Short,1,21755.75,21534.25,7/18/2024 3:38:00 PM,7/18/2024 10:00:00 PM,Sell short,Exit on session close,$4424.84,($9990.68),$5.16,$0.00,$0.00,$0.00,$0.00,$75.00,$7105.00,$2680.16,97,
99,NQ 06-26,Backtest,MomentumNQ,Short,1,21537.25,21550.25,7/19/2024 3:54:00 PM,7/19/2024 3:54:00 PM,Sell short,Stop loss,($265.16),($10255.84),$5.16,$0.00,$0.00,$0.00,$0.00,$260.00,$0.00,$265.16,1,
100,NQ 06-26,Backtest,MomentumNQ,Short,1,21527.25,21540.25,7/22/2024 3:38:00 PM,7/22/2024 3:38:00 PM,Sell short,Stop loss,($265.16),($10521.00),$5.16,$0.00,$0.00,$0.00,$0.00,$260.00,$0.00,$265.16,1,
101,NQ 06-26,Backtest,MomentumNQ,Short,1,20983.50,20996.50,7/31/2024 3:38:00 PM,7/31/2024 3:38:00 PM,Sell short,Stop loss,($265.16),($10786.16),$5.16,$0.00,$0.00,$0.00,$0.00,$260.00,$0.00,$265.16,1,
102,NQ 06-26,Backtest,MomentumNQ,Short,1,19794.75,19807.75,8/6/2024 3:38:00 PM,8/6/2024 3:58:00 PM,Sell short,Stop loss,($265.16),($11051.32),$5.16,$0.00,$0.00,$0.00,$0.00,$260.00,$3740.00,$4005.16,6,
103,NQ 06-26,Backtest,MomentumNQ,Short,1,20117.00,20130.00,8/7/2024 3:38:00 PM,8/7/2024 3:38:00 PM,Sell short,Stop loss,($265.16),($11316.48),$5.16,$0.00,$0.00,$0.00,$0.00,$260.00,$0.00,$265.16,1,
104,NQ 06-26,Backtest,MomentumNQ,Short,1,20508.75,20521.75,8/13/2024 3:38:00 PM,8/13/2024 3:38:00 PM,Sell short,Stop loss,($265.16),($11581.64),$5.16,$0.00,$0.00,$0.00,$0.00,$260.00,$0.00,$265.16,1,
105,NQ 06-26,Backtest,MomentumNQ,Short,1,21206.50,21219.50,8/29/2024 3:38:00 PM,8/29/2024 3:38:00 PM,Sell short,Stop loss,($265.16),($11846.80),$5.16,$0.00,$0.00,$0.00,$0.00,$260.00,$0.00,$265.16,1,
106,NQ 06-26,Backtest,MomentumNQ,Short,1,20295.75,20308.75,9/9/2024 3:38:00 PM,9/9/2024 3:42:00 PM,Sell short,Stop loss,($265.16),($12111.96),$5.16,$0.00,$0.00,$0.00,$0.00,$260.00,$340.00,$605.16,2,
107,NQ 06-26,Backtest,MomentumNQ,Short,1,21443.25,21456.25,9/19/2024 3:38:00 PM,9/19/2024 3:42:00 PM,Sell short,Stop loss,($265.16),($12377.12),$5.16,$0.00,$0.00,$0.00,$0.00,$260.00,$655.00,$920.16,2,
108,NQ 06-26,Backtest,MomentumNQ,Short,1,21872.00,21748.75,9/26/2024 3:38:00 PM,9/26/2024 10:00:00 PM,Sell short,Exit on session close,$2459.84,($9917.28),$5.16,$0.00,$0.00,$0.00,$0.00,$150.00,$5545.00,$3085.16,97,
109,NQ 06-26,Backtest,MomentumNQ,Short,1,21739.50,21752.50,10/24/2024 3:38:00 PM,10/24/2024 3:38:00 PM,Sell short,Stop loss,($265.16),($10182.44),$5.16,$0.00,$0.00,$0.00,$0.00,$260.00,$0.00,$265.16,1,
110,NQ 06-26,Backtest,MomentumNQ,Short,1,21998.25,22011.25,10/28/2024 3:26:00 PM,10/28/2024 3:30:00 PM,Sell short,Stop loss,($265.16),($10447.60),$5.16,$0.00,$0.00,$0.00,$0.00,$260.00,$330.00,$595.16,2,
111,NQ 06-26,Backtest,MomentumNQ,Long,1,21612.50,21599.50,11/1/2024 3:54:00 PM,11/1/2024 3:54:00 PM,Buy,Stop loss,($265.16),($10712.76),$5.16,$0.00,$0.00,$0.00,$0.00,$260.00,$0.00,$265.16,1,
112,NQ 06-26,Backtest,MomentumNQ,Short,1,22385.75,22398.75,11/26/2024 3:38:00 PM,11/26/2024 3:38:00 PM,Sell short,Stop loss,($265.16),($10977.92),$5.16,$0.00,$0.00,$0.00,$0.00,$260.00,$0.00,$265.16,1,
113,NQ 06-26,Backtest,MomentumNQ,Short,1,23006.75,23019.75,12/11/2024 3:38:00 PM,12/11/2024 3:38:00 PM,Sell short,Stop loss,($265.16),($11243.08),$5.16,$0.00,$0.00,$0.00,$0.00,$260.00,$0.00,$265.16,1,
114,NQ 06-26,Backtest,MomentumNQ,Short,1,23220.50,23233.50,12/13/2024 3:38:00 PM,12/13/2024 3:38:00 PM,Sell short,Stop loss,($265.16),($11508.24),$5.16,$0.00,$0.00,$0.00,$0.00,$260.00,$0.00,$265.16,1,
115,NQ 06-26,Backtest,MomentumNQ,Short,1,22476.50,22489.50,1/3/2025 3:38:00 PM,1/3/2025 3:42:00 PM,Sell short,Stop loss,($265.16),($11773.40),$5.16,$0.00,$0.00,$0.00,$0.00,$260.00,$840.00,$1105.16,2,
116,NQ 06-26,Backtest,MomentumNQ,Short,1,22686.50,22699.50,1/17/2025 3:38:00 PM,1/17/2025 3:38:00 PM,Sell short,Stop loss,($265.16),($12038.56),$5.16,$0.00,$0.00,$0.00,$0.00,$260.00,$0.00,$265.16,1,
117,NQ 06-26,Backtest,MomentumNQ,Short,1,22872.25,22885.25,2/10/2025 3:38:00 PM,2/10/2025 3:38:00 PM,Sell short,Stop loss,($265.16),($12303.72),$5.16,$0.00,$0.00,$0.00,$0.00,$260.00,$0.00,$265.16,1,
118,NQ 06-26,Backtest,MomentumNQ,Short,1,22473.75,22486.75,2/27/2025 3:38:00 PM,2/27/2025 3:38:00 PM,Sell short,Stop loss,($265.16),($12568.88),$5.16,$0.00,$0.00,$0.00,$0.00,$260.00,$0.00,$265.16,1,
119,NQ 06-26,Backtest,MomentumNQ,Short,1,20646.25,20659.25,3/11/2025 3:14:00 PM,3/11/2025 4:46:00 PM,Sell short,Stop loss,($265.16),($12834.04),$5.16,$0.00,$0.00,$0.00,$0.00,$260.00,$5220.00,$5485.16,24,
120,NQ 06-26,Backtest,MomentumNQ,Short,1,20874.25,20887.25,3/12/2025 2:38:00 PM,3/12/2025 2:38:00 PM,Sell short,Stop loss,($265.16),($13099.20),$5.16,$0.00,$0.00,$0.00,$0.00,$260.00,$0.00,$265.16,1,
121,NQ 06-26,Backtest,MomentumNQ,Short,1,20650.50,20663.50,3/14/2025 2:38:00 PM,3/14/2025 2:38:00 PM,Sell short,Stop loss,($265.16),($13364.36),$5.16,$0.00,$0.00,$0.00,$0.00,$260.00,$0.00,$265.16,1,
122,NQ 06-26,Backtest,MomentumNQ,Long,1,20345.25,20332.25,4/1/2025 3:58:00 PM,4/1/2025 3:58:00 PM,Buy,Stop loss,($265.16),($13629.52),$5.16,$0.00,$0.00,$0.00,$0.00,$260.00,$0.00,$265.16,1,
123,NQ 06-26,Backtest,MomentumNQ,Short,1,19845.25,19858.25,4/24/2025 3:46:00 PM,4/24/2025 3:46:00 PM,Sell short,Stop loss,($265.16),($13894.68),$5.16,$0.00,$0.00,$0.00,$0.00,$260.00,$0.00,$265.16,1,
124,NQ 06-26,Backtest,MomentumNQ,Short,1,21026.25,21039.25,5/2/2025 3:38:00 PM,5/2/2025 4:06:00 PM,Sell short,Stop loss,($265.16),($14159.84),$5.16,$0.00,$0.00,$0.00,$0.00,$260.00,$1785.00,$2050.16,8,
125,NQ 06-26,Backtest,MomentumNQ,Short,1,21743.25,21756.25,5/12/2025 3:38:00 PM,5/12/2025 3:58:00 PM,Sell short,Stop loss,($265.16),($14425.00),$5.16,$0.00,$0.00,$0.00,$0.00,$260.00,$1590.00,$1855.16,6,
126,NQ 06-26,Backtest,MomentumNQ,Short,1,22171.25,22184.25,5/27/2025 3:38:00 PM,5/27/2025 3:50:00 PM,Sell short,Stop loss,($265.16),($14690.16),$5.16,$0.00,$0.00,$0.00,$0.00,$260.00,$1225.00,$1490.16,4,
127,NQ 06-26,Backtest,MomentumNQ,Short,1,22525.75,22329.00,5/29/2025 3:38:00 PM,5/29/2025 10:00:00 PM,Sell short,Exit on session close,$3929.84,($10760.32),$5.16,$0.00,$0.00,$0.00,$0.00,$190.00,$6150.00,$2220.16,97,
128,NQ 06-26,Backtest,MomentumNQ,Short,1,22699.25,22712.25,6/6/2025 3:38:00 PM,6/6/2025 3:38:00 PM,Sell short,Stop loss,($265.16),($11025.48),$5.16,$0.00,$0.00,$0.00,$0.00,$260.00,$0.00,$265.16,1,
129,NQ 06-26,Backtest,MomentumNQ,Short,1,22778.50,22791.50,6/16/2025 3:38:00 PM,6/16/2025 3:42:00 PM,Sell short,Stop loss,($265.16),($11290.64),$5.16,$0.00,$0.00,$0.00,$0.00,$260.00,$500.00,$765.16,2,
130,NQ 06-26,Backtest,MomentumNQ,Short,1,22777.25,22790.25,6/20/2025 3:38:00 PM,6/20/2025 3:38:00 PM,Sell short,Stop loss,($265.16),($11555.80),$5.16,$0.00,$0.00,$0.00,$0.00,$260.00,$0.00,$265.16,1,
131,NQ 06-26,Backtest,MomentumNQ,Short,1,23724.25,23737.25,7/9/2025 3:38:00 PM,7/9/2025 3:38:00 PM,Sell short,Stop loss,($265.16),($11820.96),$5.16,$0.00,$0.00,$0.00,$0.00,$260.00,$0.00,$265.16,1,
132,NQ 06-26,Backtest,MomentumNQ,Short,1,23824.25,23837.25,8/4/2025 3:38:00 PM,8/4/2025 3:38:00 PM,Sell short,Stop loss,($265.16),($12086.12),$5.16,$0.00,$0.00,$0.00,$0.00,$260.00,$0.00,$265.16,1,
133,NQ 06-26,Backtest,MomentumNQ,Short,1,24696.50,24709.50,9/11/2025 3:38:00 PM,9/11/2025 4:38:00 PM,Sell short,Stop loss,($265.16),($12351.28),$5.16,$0.00,$0.00,$0.00,$0.00,$260.00,$1680.00,$1945.16,16,
134,NQ 06-26,Backtest,MomentumNQ,Short,1,25632.25,25645.25,10/6/2025 3:38:00 PM,10/6/2025 3:38:00 PM,Sell short,Stop loss,($265.16),($12616.44),$5.16,$0.00,$0.00,$0.00,$0.00,$260.00,$0.00,$265.16,1,
135,NQ 06-26,Backtest,MomentumNQ,Short,1,25547.50,25560.50,10/16/2025 3:38:00 PM,10/16/2025 3:46:00 PM,Sell short,Stop loss,($265.16),($12881.60),$5.16,$0.00,$0.00,$0.00,$0.00,$260.00,$885.00,$1150.16,3,
136,NQ 06-26,Backtest,MomentumNQ,Short,1,26311.75,26324.75,10/27/2025 2:38:00 PM,10/27/2025 3:02:00 PM,Sell short,Stop loss,($265.16),($13146.76),$5.16,$0.00,$0.00,$0.00,$0.00,$260.00,$1000.00,$1265.16,7,
137,NQ 06-26,Backtest,MomentumNQ,Long,1,26500.25,26487.25,10/30/2025 3:38:00 PM,10/30/2025 3:38:00 PM,Buy,Stop loss,($265.16),($13411.92),$5.16,$0.00,$0.00,$0.00,$0.00,$260.00,$0.00,$265.16,1,
138,NQ 06-26,Backtest,MomentumNQ,Short,1,26616.75,26629.75,10/31/2025 2:38:00 PM,10/31/2025 2:38:00 PM,Sell short,Stop loss,($265.16),($13677.08),$5.16,$0.00,$0.00,$0.00,$0.00,$260.00,$0.00,$265.16,1,
139,NQ 06-26,Backtest,MomentumNQ,Short,1,26719.00,26576.25,11/3/2025 3:38:00 PM,11/3/2025 10:00:00 PM,Sell short,Exit on session close,$2849.84,($10827.24),$5.16,$0.00,$0.00,$0.00,$0.00,$30.00,$4765.00,$1915.16,97,
140,NQ 06-26,Backtest,MomentumNQ,Short,1,25979.00,25992.00,12/2/2025 3:38:00 PM,12/2/2025 3:38:00 PM,Sell short,Stop loss,($265.16),($11092.40),$5.16,$0.00,$0.00,$0.00,$0.00,$260.00,$0.00,$265.16,1,
141,NQ 06-26,Backtest,MomentumNQ,Short,1,26297.50,26134.00,12/8/2025 3:38:00 PM,12/8/2025 10:00:00 PM,Sell short,Exit on session close,$3264.84,($7827.56),$5.16,$0.00,$0.00,$0.00,$0.00,$50.00,$5350.00,$2085.16,97,
142,NQ 06-26,Backtest,MomentumNQ,Short,1,25482.75,25495.75,12/18/2025 3:38:00 PM,12/18/2025 4:02:00 PM,Sell short,Stop loss,($265.16),($8092.72),$5.16,$0.00,$0.00,$0.00,$0.00,$260.00,$2255.00,$2520.16,7,
143,NQ 06-26,Backtest,MomentumNQ,Short,1,25644.00,25657.00,12/19/2025 3:38:00 PM,12/19/2025 3:38:00 PM,Sell short,Stop loss,($265.16),($8357.88),$5.16,$0.00,$0.00,$0.00,$0.00,$260.00,$0.00,$265.16,1,
144,NQ 06-26,Backtest,MomentumNQ,Short,1,25866.75,25879.75,1/2/2026 3:38:00 PM,1/2/2026 3:38:00 PM,Sell short,Stop loss,($265.16),($8623.04),$5.16,$0.00,$0.00,$0.00,$0.00,$260.00,$0.00,$265.16,1,
145,NQ 06-26,Backtest,MomentumNQ,Short,1,25806.00,25818.75,1/5/2026 3:38:00 PM,1/5/2026 3:38:00 PM,Sell short,Stop loss,($260.16),($8883.20),$5.16,$0.00,$0.00,$0.00,$0.00,$255.00,$0.00,$260.16,1,
146,NQ 06-26,Backtest,MomentumNQ,Short,1,25897.00,25910.00,1/6/2026 3:50:00 PM,1/6/2026 3:50:00 PM,Sell short,Stop loss,($265.16),($9148.36),$5.16,$0.00,$0.00,$0.00,$0.00,$260.00,$0.00,$265.16,1,
147,NQ 06-26,Backtest,MomentumNQ,Short,1,26074.25,26087.25,1/16/2026 3:38:00 PM,1/16/2026 3:38:00 PM,Sell short,Stop loss,($265.16),($9413.52),$5.16,$0.00,$0.00,$0.00,$0.00,$260.00,$0.00,$265.16,1,
148,NQ 06-26,Backtest,MomentumNQ,Long,1,25827.50,25814.50,1/22/2026 3:58:00 PM,1/22/2026 3:58:00 PM,Buy,Stop loss,($265.16),($9678.68),$5.16,$0.00,$0.00,$0.00,$0.00,$260.00,$0.00,$265.16,1,
149,NQ 06-26,Backtest,MomentumNQ,Short,1,25629.50,25642.50,2/11/2026 3:38:00 PM,2/11/2026 3:50:00 PM,Sell short,Stop loss,($265.16),($9943.84),$5.16,$0.00,$0.00,$0.00,$0.00,$260.00,$1630.00,$1895.16,4,
150,NQ 06-26,Backtest,MomentumNQ,Short,1,25073.00,25086.00,2/24/2026 3:46:00 PM,2/24/2026 3:46:00 PM,Sell short,Stop loss,($265.16),($10209.00),$5.16,$0.00,$0.00,$0.00,$0.00,$260.00,$0.00,$265.16,1,
151,NQ 06-26,Backtest,MomentumNQ,Long,1,25274.25,25261.25,3/10/2026 3:42:00 PM,3/10/2026 7:18:00 PM,Buy,Stop loss,($265.16),($10474.16),$5.16,$0.00,$0.00,$0.00,$0.00,$260.00,$3040.00,$3305.16,55,
152,NQ 06-26,Backtest,MomentumNQ,Short,1,25356.00,25193.00,3/11/2026 3:06:00 PM,3/11/2026 9:00:00 PM,Sell short,Exit on session close,$3254.84,($7219.32),$5.16,$0.00,$0.00,$0.00,$0.00,$40.00,$5475.00,$2220.16,90,
153,NQ 06-26,Backtest,MomentumNQ,Short,1,24884.25,24897.25,3/13/2026 3:26:00 PM,3/13/2026 3:26:00 PM,Sell short,Stop loss,($265.16),($7484.48),$5.16,$0.00,$0.00,$0.00,$0.00,$260.00,$0.00,$265.16,1,
154,NQ 06-26,Backtest,MomentumNQ,Short,1,24920.50,24933.50,3/16/2026 2:38:00 PM,3/16/2026 2:46:00 PM,Sell short,Stop loss,($265.16),($7749.64),$5.16,$0.00,$0.00,$0.00,$0.00,$260.00,$770.00,$1035.16,3,
155,NQ 06-26,Backtest,MomentumNQ,Long,1,24427.00,24414.00,3/19/2026 3:34:00 PM,3/19/2026 4:38:00 PM,Buy,Stop loss,($265.16),($8014.80),$5.16,$0.00,$0.00,$0.00,$0.00,$260.00,$3010.00,$3275.16,17,
156,NQ 06-26,Backtest,MomentumNQ,Short,1,24493.50,24506.50,3/23/2026 2:38:00 PM,3/23/2026 2:38:00 PM,Sell short,Stop loss,($265.16),($8279.96),$5.16,$0.00,$0.00,$0.00,$0.00,$260.00,$0.00,$265.16,1,
157,NQ 06-26,Backtest,MomentumNQ,Long,1,24196.50,24183.50,3/24/2026 3:42:00 PM,3/24/2026 3:42:00 PM,Buy,Stop loss,($265.16),($8545.12),$5.16,$0.00,$0.00,$0.00,$0.00,$260.00,$0.00,$265.16,1,
158,NQ 06-26,Backtest,MomentumNQ,Short,1,24437.25,24450.25,3/25/2026 2:38:00 PM,3/25/2026 2:38:00 PM,Sell short,Stop loss,($265.16),($8810.28),$5.16,$0.00,$0.00,$0.00,$0.00,$260.00,$0.00,$265.16,1,
159,NQ 06-26,Backtest,MomentumNQ,Long,1,24171.75,24158.75,3/26/2026 3:34:00 PM,3/26/2026 3:38:00 PM,Buy,Stop loss,($265.16),($9075.44),$5.16,$0.00,$0.00,$0.00,$0.00,$260.00,$635.00,$900.16,2,
160,NQ 06-26,Backtest,MomentumNQ,Short,1,23491.25,23135.75,3/30/2026 3:38:00 PM,3/30/2026 10:00:00 PM,Sell short,Exit on session close,$7104.84,($1970.60),$5.16,$0.00,$0.00,$0.00,$0.00,$40.00,$9335.00,$2230.16,97,
161,NQ 06-26,Backtest,MomentumNQ,Short,1,23424.75,23437.75,3/31/2026 3:38:00 PM,3/31/2026 3:38:00 PM,Sell short,Stop loss,($265.16),($2235.76),$5.16,$0.00,$0.00,$0.00,$0.00,$260.00,$0.00,$265.16,1,
162,NQ 06-26,Backtest,MomentumNQ,Short,1,27223.50,27236.50,4/24/2026 3:38:00 PM,4/24/2026 3:38:00 PM,Sell short,Stop loss,($265.16),($2500.92),$5.16,$0.00,$0.00,$0.00,$0.00,$260.00,$0.00,$265.16,1,
163,NQ 06-26,Backtest,MomentumNQ,Short,1,28022.00,28035.00,5/5/2026 3:38:00 PM,5/5/2026 3:38:00 PM,Sell short,Stop loss,($265.16),($2766.08),$5.16,$0.00,$0.00,$0.00,$0.00,$260.00,$0.00,$265.16,1,
164,NQ 06-26,Backtest,MomentumNQ,Short,1,28954.25,28967.25,5/8/2026 3:38:00 PM,5/8/2026 3:38:00 PM,Sell short,Stop loss,($265.16),($3031.24),$5.16,$0.00,$0.00,$0.00,$0.00,$260.00,$0.00,$265.16,1,
